{
  "generated_at": "2026-02-14T06:11:45.352626+00:00",
  "model_path": "data-platform/ml/models/isolation_forest.joblib",
  "meta_path": "data-platform/ml/models/isolation_forest.meta.json",
  "anomaly_threshold": 0.65,
  "decision_calibration": {
    "decision_min": -0.16637302184295866,
    "decision_max": 0.20324544983623666
  },
  "rows_scored_total": 45524,
  "flagged_total": 471,
  "flagged_rate_total": 0.010346191020121255,
  "score_distribution_total": {
    "min": 0.0,
    "max": 1.0,
    "mean": 0.17412543296813965,
    "std": 0.1390528827905655,
    "p50": 0.13047486543655396,
    "p95": 0.4407980442047119,
    "p99": 0.6586281061172485
  },
  "dataset_reports": [
    {
      "dataset": "data-platform/ml/datasets/bridge_dataset.csv",
      "dataset_kind": "bridge",
      "rows_scored": 1340,
      "flagged_count": 59,
      "flagged_rate": 0.04402985074626865,
      "score_distribution": {
        "min": 0.051046762615442276,
        "max": 0.760026216506958,
        "mean": 0.4253556430339813,
        "std": 0.1319042593240738,
        "p50": 0.4226117730140686,
        "p95": 0.646433413028717,
        "p99": 0.7125510573387146
      },
      "labels": {
        "label_mode": "proxy",
        "proxy_rule": "structural_condition>=threshold",
        "bridge_condition_threshold": 2
      },
      "proxy_classification_metrics": {
        "accuracy": 0.6320895522388059,
        "precision": 0.2542372881355932,
        "recall": 0.032327586206896554,
        "f1": 0.05736137667304015,
        "tp": 15,
        "tn": 832,
        "fp": 44,
        "fn": 449,
        "support": 1340
      },
      "proxy_positive_rate": 0.34626865671641793
    },
    {
      "dataset": "data-platform/ml/datasets/bridge_digital_twin_dataset.csv",
      "dataset_kind": "digital_twin",
      "rows_scored": 43200,
      "flagged_count": 412,
      "flagged_rate": 0.009537037037037037,
      "score_distribution": {
        "min": 0.0,
        "max": 1.0,
        "mean": 0.16182781755924225,
        "std": 0.12970706820487976,
        "p50": 0.12376390397548676,
        "p95": 0.4087507426738739,
        "p99": 0.6339907050132751
      },
      "labels": {
        "label_mode": "proxy",
        "proxy_rule": "Maintenance_Alert OR Flood_Event_Flag OR High_Winds_Storms OR Abnormal_Traffic_Load_Surges OR Anomaly_Detection_Score>=threshold",
        "digital_twin_proxy_threshold": 0.7
      },
      "proxy_classification_metrics": {
        "accuracy": 0.9920138888888889,
        "precision": 0.7864077669902912,
        "recall": 0.5576592082616179,
        "f1": 0.6525679758308156,
        "tp": 324,
        "tn": 42531,
        "fp": 88,
        "fn": 257,
        "support": 43200
      },
      "proxy_positive_rate": 0.013449074074074073
    },
    {
      "dataset": "data-platform/ml/datasets/merged_dataset_BearingTest_2.csv",
      "dataset_kind": "bearing",
      "rows_scored": 984,
      "flagged_count": 0,
      "flagged_rate": 0.0,
      "score_distribution": {
        "min": 0.3508206307888031,
        "max": 0.424821138381958,
        "mean": 0.37189781665802,
        "std": 0.023280538618564606,
        "p50": 0.35747620463371277,
        "p95": 0.4137346148490906,
        "p99": 0.4212774932384491
      },
      "labels": {
        "label_mode": "none",
        "proxy_rule": "no labels available for this dataset kind"
      }
    }
  ],
  "top_anomalies": [
    {
      "dataset": "data-platform/ml/datasets/bridge_digital_twin_dataset.csv",
      "dataset_kind": "digital_twin",
      "timestamp": "2023-01-25T03:35:00",
      "anomaly_score": 1.0,
      "anomaly_flag": 1,
      "proxy_label": 0,
      "strain": 1.0,
      "vibration": 1.0,
      "temperature": 0.20109796884146072,
      "humidity": 0.7899716784839823
    },
    {
      "dataset": "data-platform/ml/datasets/bridge_digital_twin_dataset.csv",
      "dataset_kind": "digital_twin",
      "timestamp": "2023-01-22T16:56:00",
      "anomaly_score": 0.9743427275643817,
      "anomaly_flag": 1,
      "proxy_label": 1,
      "strain": 1.0,
      "vibration": 1.0,
      "temperature": 0.3923617814140657,
      "humidity": 0.4199715047000245
    },
    {
      "dataset": "data-platform/ml/datasets/bridge_digital_twin_dataset.csv",
      "dataset_kind": "digital_twin",
      "timestamp": "2023-01-25T03:32:00",
      "anomaly_score": 0.965364222982541,
      "anomaly_flag": 1,
      "proxy_label": 1,
      "strain": 1.0,
      "vibration": 1.0,
      "temperature": 0.18931221748089322,
      "humidity": 0.7315811617339786
    },
    {
      "dataset": "data-platform/ml/datasets/bridge_digital_twin_dataset.csv",
      "dataset_kind": "digital_twin",
      "timestamp": "2023-01-25T03:31:00",
      "anomaly_score": 0.9639259816770267,
      "anomaly_flag": 1,
      "proxy_label": 1,
      "strain": 1.0,
      "vibration": 1.0,
      "temperature": 0.19894978353901854,
      "humidity": 0.7302338823321971
    },
    {
      "dataset": "data-platform/ml/datasets/bridge_digital_twin_dataset.csv",
      "dataset_kind": "digital_twin",
      "timestamp": "2023-01-25T03:37:00",
      "anomaly_score": 0.9612909451137845,
      "anomaly_flag": 1,
      "proxy_label": 0,
      "strain": 1.0,
      "vibration": 1.0,
      "temperature": 0.20116468274482674,
      "humidity": 0.7485906710826628
    },
    {
      "dataset": "data-platform/ml/datasets/bridge_digital_twin_dataset.csv",
      "dataset_kind": "digital_twin",
      "timestamp": "2023-01-22T16:15:00",
      "anomaly_score": 0.9584746416274922,
      "anomaly_flag": 1,
      "proxy_label": 1,
      "strain": 1.0,
      "vibration": 1.0,
      "temperature": 0.39347382585618473,
      "humidity": 0.4327015010514871
    },
    {
      "dataset": "data-platform/ml/datasets/bridge_digital_twin_dataset.csv",
      "dataset_kind": "digital_twin",
      "timestamp": "2023-01-22T16:38:00",
      "anomaly_score": 0.9584746416274922,
      "anomaly_flag": 1,
      "proxy_label": 1,
      "strain": 1.0,
      "vibration": 1.0,
      "temperature": 0.39353886170847346,
      "humidity": 0.4292715504570369
    },
    {
      "dataset": "data-platform/ml/datasets/bridge_digital_twin_dataset.csv",
      "dataset_kind": "digital_twin",
      "timestamp": "2023-01-22T16:49:00",
      "anomaly_score": 0.9571206234129306,
      "anomaly_flag": 1,
      "proxy_label": 1,
      "strain": 1.0,
      "vibration": 1.0,
      "temperature": 0.39099886464813194,
      "humidity": 0.44286739385382207
    },
    {
      "dataset": "data-platform/ml/datasets/bridge_digital_twin_dataset.csv",
      "dataset_kind": "digital_twin",
      "timestamp": "2023-01-22T16:33:00",
      "anomaly_score": 0.9557675209987196,
      "anomaly_flag": 1,
      "proxy_label": 1,
      "strain": 1.0,
      "vibration": 1.0,
      "temperature": 0.3945753736714313,
      "humidity": 0.43788409989210547
    },
    {
      "dataset": "data-platform/ml/datasets/bridge_digital_twin_dataset.csv",
      "dataset_kind": "digital_twin",
      "timestamp": "2023-01-25T03:33:00",
      "anomaly_score": 0.9555129999144534,
      "anomaly_flag": 1,
      "proxy_label": 0,
      "strain": 1.0,
      "vibration": 1.0,
      "temperature": 0.20509442732976996,
      "humidity": 0.7158042457365826
    },
    {
      "dataset": "data-platform/ml/datasets/bridge_digital_twin_dataset.csv",
      "dataset_kind": "digital_twin",
      "timestamp": "2023-01-25T03:36:00",
      "anomaly_score": 0.9555129999144534,
      "anomaly_flag": 1,
      "proxy_label": 0,
      "strain": 1.0,
      "vibration": 1.0,
      "temperature": 0.20432727799044204,
      "humidity": 0.7190541860368433
    },
    {
      "dataset": "data-platform/ml/datasets/bridge_digital_twin_dataset.csv",
      "dataset_kind": "digital_twin",
      "timestamp": "2023-01-25T03:39:00",
      "anomaly_score": 0.9553117458316106,
      "anomaly_flag": 1,
      "proxy_label": 0,
      "strain": 1.0,
      "vibration": 1.0,
      "temperature": 0.20231539203296584,